"Status","Start Time","Stop Time","Duration in ms","Parent Suite","Suite","Sub Suite","Test Class","Test Method","Name","Description"
"passed","Sat Jan 07 00:00:06 EST 2023","Sat Jan 07 00:00:08 EST 2023","2717","test","test_login_test","TestLogin","","","test_verify_user_should_logout_successfully",""
"passed","Fri Jan 06 23:57:29 EST 2023","Fri Jan 06 23:57:32 EST 2023","2708","","test_login_test","TestLogin","","","test_verify_user_should_logout_successfully",""
"passed","Fri Jan 06 23:40:57 EST 2023","Fri Jan 06 23:40:59 EST 2023","2341","","test_login","","","","test_login_successfully",""
"broken","Fri Jan 06 23:12:28 EST 2023","Fri Jan 06 23:12:28 EST 2023","0","test","test_login","","","","test_verify_user_should_not_login_with_invalid_credential",""
"passed","Fri Jan 06 23:57:32 EST 2023","Fri Jan 06 23:57:33 EST 2023","1421","","test_login_test","TestLogin","","","test_login_verify_error_message_for_invalid_credential",""
"broken","Fri Jan 06 23:41:18 EST 2023","Fri Jan 06 23:41:18 EST 2023","0","","test_login","","","","test_verify_user_should_not_login_with_invalid_credential",""
"passed","Sat Jan 07 00:00:08 EST 2023","Sat Jan 07 00:00:10 EST 2023","1372","test","test_login_test","TestLogin","","","test_login_verify_error_message_for_invalid_credential",""
"passed","Fri Jan 06 23:12:24 EST 2023","Fri Jan 06 23:12:26 EST 2023","1993","test","test_login","","","","test_login_successfully",""
"passed","Fri Jan 06 23:57:28 EST 2023","Fri Jan 06 23:57:29 EST 2023","740","","test_login_test","TestLogin","","","test_verify_user_should_login_successfully",""
"passed","Sat Jan 07 00:00:05 EST 2023","Sat Jan 07 00:00:06 EST 2023","775","test","test_login_test","TestLogin","","","test_verify_user_should_login_successfully",""
